[
  {
    "name": "진다람 라이브",
    "link": "https://chzzk.naver.com/live/aa26e59c91a22bd430ec1d5d6d965dac",
    "icon": "https://raw.githubusercontent.com/nrirn/nrirn_public/main/images/icon_chzzk.png"
  },
  {
    "name": "필독 규칙",
    "link": "https://chzzk.naver.com/aa26e59c91a22bd430ec1d5d6d965dac/community/detail/11585951",
    "icon": "https://raw.githubusercontent.com/nrirn/nrirn_public/main/images/icon_chzzk.png"
  },
  {
    "name": "디스코드",
    "link": "https://discord.com/invite/ZCaGzGTa6s",
    "icon": "https://raw.githubusercontent.com/nrirn/nrirn_public/main/images/icon_discord.png"
  },
  {
    "name": "유튜브",
    "link": "https://www.youtube.com/@daramjin",
    "icon": "https://raw.githubusercontent.com/nrirn/nrirn_public/main/images/icon_youtube.png"
  },
  {
    "name": "지각 방지",
    "type": "toggle",
    "icon": "https://raw.githubusercontent.com/nrirn/nrirn_public/main/images/icon_chzzk.png"
  }
]