[
  {
    "name": "카이샤르 라이브",
    "icon": "https://raw.githubusercontent.com/nrirn/nrirn_public/main/images/icon_chzzk.png",
    "link": "https://chzzk.naver.com/live/39fa62e81c7d74d9d18610fa6e3d5bdb"
  },
  {
    "name": "팬카페",
    "icon": "https://raw.githubusercontent.com/nrirn/nrirn_public/main/images/icon_cafe.png",
    "link": "https://cafe.naver.com/kaesar486"
  },
  {
    "name": "게임리스트",
    "icon": "https://raw.githubusercontent.com/nrirn/nrirn_public/main/images/icon_sheet.png",
    "link": "https://docs.google.com/spreadsheets/d/1jjcgmGgwWzaJASC19yzdQxK4cAo7O0U6fYHMoerj9Ak/edit?gid=0#gid=0"
  },
  {
    "name": "유튜브",
    "icon": "https://raw.githubusercontent.com/nrirn/nrirn_public/main/images/icon_youtube.png",
    "link": "https://www.youtube.com/channel/UCHNYENAm5cyDtQ7Km_Fh-YQ"
  },
  {
    "name": "저자극 플리",
    "icon": "https://raw.githubusercontent.com/nrirn/nrirn_public/main/images/icon_youtube.png",
    "link": "https://www.youtube.com/channel/UCAaGCwjbWwM7A7_mj48OUyg"
  },
  {
    "name": "디스코드",
    "icon": "https://raw.githubusercontent.com/nrirn/nrirn_public/main/images/icon_discord.png",
    "link": "https://discord.com/invite/gDeD6KDSke"
  },
  {
    "name": "인스타그램",
    "icon": "https://raw.githubusercontent.com/nrirn/nrirn_public/main/images/icon_instagram.png",
    "link": "https://www.instagram.com/kaesar_lee"
  },
  {
    "name": "지각 방지",
    "type": "toggle",
    "icon": "https://raw.githubusercontent.com/nrirn/nrirn_public/main/images/icon_chzzk.png"
  }
]