[
  {
    "name": "천제누구 라이브",
    "link": "https://chzzk.naver.com/live/cd652919944ec56f535c799102e2a83b",
    "icon": "https://raw.githubusercontent.com/nrirn/nrirn_public/main/images/icon_chzzk.png"
  },
  {
    "name": "유튜브",
    "link": "https://www.youtube.com/user/ingne135",
    "icon": "https://raw.githubusercontent.com/nrirn/nrirn_public/main/images/icon_youtube.png"
  },
  {
    "name": "디스코드",
    "link": "https://discord.com/invite/VSZWEQV",
    "icon": "https://raw.githubusercontent.com/nrirn/nrirn_public/main/images/icon_discord.png"
  },
  {
    "name": "스피드런 기록",
    "link": "https://www.speedrun.com/users/ingne135",
    "icon": "https://raw.githubusercontent.com/nrirn/nrirn_public/main/images/icon_speedrun.png"
  },
  {
    "name": "투네이션",
    "link": "https://toon.at/donate/636492581265676285",
    "icon": "https://raw.githubusercontent.com/nrirn/nrirn_public/main/images/icon_toonat.png"
  },
  {
    "name": "지각 방지",
    "type": "toggle",
    "icon": "https://raw.githubusercontent.com/nrirn/nrirn_public/main/images/icon_chzzk.png"
  }
]