[
  {
    "name": "백귀월 라이브",
    "link": "https://chzzk.naver.com/live/f73cb0d5f90685c5966bb13d87adcb7d",
    "icon": "https://raw.githubusercontent.com/nrirn/nrirn_public/main/images/icon_chzzk.png"
  },
  {
    "name": "유입설명서",
    "link": "https://cafe.naver.com/gwiwol/6984",
    "icon": "https://raw.githubusercontent.com/nrirn/nrirn_public/main/images/icon_cafe.png"
  },
  {
    "name": "유튜브",
    "link": "https://www.youtube.com/@Gwiwol_FULL",
    "icon": "https://raw.githubusercontent.com/nrirn/nrirn_public/main/images/icon_youtube.png"
  },
  {
    "name": "AL CLOUD",
    "link": "https://discord.com/invite/al-cloud-community-1028921403875000321",
    "icon": "https://raw.githubusercontent.com/nrirn/nrirn_public/main/images/icon_discord.png"
  },
  {
    "name": "팬카페",
    "link": "https://cafe.naver.com/gwiwol",
    "icon": "https://raw.githubusercontent.com/nrirn/nrirn_public/main/images/icon_cafe.png"
  },
  {
    "name": "게임리스트",
    "link": "https://cafe.naver.com/gwiwol/5569",
    "icon": "https://raw.githubusercontent.com/nrirn/nrirn_public/main/images/icon_cafe.png"
  },
  {
    "name": "옛튜브",
    "link": "https://www.youtube.com/@%EA%B7%80%EC%9B%94",
    "icon": "https://raw.githubusercontent.com/nrirn/nrirn_public/main/images/icon_youtube.png"
  },
  {
    "name": "디스코드",
    "link": "https://discord.com/invite/EDSCDAS2KC",
    "icon": "https://raw.githubusercontent.com/nrirn/nrirn_public/main/images/icon_discord.png"
  },
  {
    "name": "PC 사양",
    "link": "https://cafe.naver.com/gwiwol/5489",
    "icon": "https://raw.githubusercontent.com/nrirn/nrirn_public/main/images/icon_cafe.png"
  },
  {
    "name": "지각 방지",
    "type": "toggle",
    "icon": "https://raw.githubusercontent.com/nrirn/nrirn_public/main/images/icon_chzzk.png"
  }
]